Review,Lowecase conversion,Removal of URLs,Removal of HTML tags,Removal of emojis,Replace internet slang/chat words,Replace shortened English words,Handle spelling mistakes,Remove punctuations,Remove special characters,Remove numbers,Remove whitespaces,Remove stopwords,Tokenization,Stemming,Lemmatization
"The product arrived on time. Packaging was great, and the quality is amazing!","the product arrived on time. packaging was great, and the quality is amazing!","the product arrived on time. packaging was great, and the quality is amazing!","the product arrived on time. packaging was great, and the quality is amazing!","the product arrived on time. packaging was great, and the quality is amazing!","the product arrived on time. packaging was great, and the quality is amazing!","the product arrived on time. packaging was great, and the quality is amazing!","the product arrived on time. packaging was great, and the quality is amazing!",the product arrived on time packaging was great and the quality is amazing,the product arrived on time packaging was great and the quality is amazing,the product arrived on time packaging was great and the quality is amazing,the product arrived on time packaging was great and the quality is amazing,product arrived time packaging great quality amazing,"['product', 'arrived', 'time', 'packaging', 'great', 'quality', 'amazing']",product arriv time packag great quality amaz,product arrived time packaging great quality amazing
THIS PRODUCT IS JUST AMAZING! I LOVE IT.,this product is just amazing! i love it.,this product is just amazing! i love it.,this product is just amazing! i love it.,this product is just amazing! i love it.,this product is just amazing! i love it.,this product is just amazing! i love it.,this product is just amazing! i love it.,this product is just amazing i love it,this product is just amazing i love it,this product is just amazing i love it,this product is just amazing i love it,product amazing love,"['product', 'amazing', 'love']",product amaz love,product amazing love
"I bought this phone for $799, and it has a 120Hz display. Totally worth it!","i bought this phone for $799, and it has a 120hz display. totally worth it!","i bought this phone for $799, and it has a 120hz display. totally worth it!","i bought this phone for $799, and it has a 120hz display. totally worth it!","i bought this phone for $799, and it has a 120hz display. totally worth it!","i bought this phone for $799, and it has a 120hz display. totally worth it!","i bought this phone for $799, and it has a 120hz display. totally worth it!","i bought this phone for $799, and it has a 120hz display. totally worth it!",i bought this phone for $799 and it has a 120hz display totally worth it,i bought this phone for 799 and it has a 120hz display totally worth it,i bought this phone for and it has a hz display totally worth it,i bought this phone for and it has a hz display totally worth it,bought phone hz display totally worth,"['bought', 'phone', 'hz', 'display', 'totally', 'worth']",bought phone hz display total worth,buy phone hz display totally worth
Wow!!! This product is awesome... but a bit expensive??,wow!!! this product is awesome... but a bit expensive??,wow!!! this product is awesome... but a bit expensive??,wow!!! this product is awesome... but a bit expensive??,wow!!! this product is awesome... but a bit expensive??,wow!!! this product is awesome... but a bit expensive??,wow!!! this product is awesome... but a bit expensive??,wow!!! this product is awesome... but a bit expensive??,wow this product is awesome but a bit expensive,wow this product is awesome but a bit expensive,wow this product is awesome but a bit expensive,wow this product is awesome but a bit expensive,wow product awesome bit expensive,"['wow', 'product', 'awesome', 'bit', 'expensive']",wow product awesome bit expensive,wow product awesome bit expensive
   The laptop works perfectly fine.   ,   the laptop works perfectly fine.   ,   the laptop works perfectly fine.   ,   the laptop works perfectly fine.   ,   the laptop works perfectly fine.   ,   the laptop works perfectly fine.   ,   the laptop works perfectly fine.   ,   the laptop works perfectly fine.   ,   the laptop works perfectly fine ,   the laptop works perfectly fine ,   the laptop works perfectly fine ,the laptop works perfectly fine ,laptop works perfectly fine,"['laptop', 'works', 'perfectly', 'fine']",laptop work perfect fine,laptop works perfectly fine
Check out the full product details here: https://example.com/product-details,check out the full product details here: https://example.com/product-details,check out the full product details here: ,check out the full product details here: ,check out the full product details here: ,check out the full product details here:,check out the full product details here:,check out the full product details here:,check out the full product details here,check out the full product details here,check out the full product details here,check out the full product details here,check full product details,"['check', 'full', 'product', 'details']",check full product detail,check full product details
<div><h2>Great Purchase!</h2><p>I am happy with this product.</p></div>,<div><h2>great purchase!</h2><p>i am happy with this product.</p></div>,<div><h2>great purchase!</h2><p>i am happy with this product.</p></div>,great purchase!i am happy with this product.,great purchase!i am happy with this product.,great purchase!i am happy with this product.,great purchase!i am happy with this product.,great purchase!i am happy with this product.,great purchasei am happy with this product,great purchasei am happy with this product,great purchasei am happy with this product,great purchasei am happy with this product,great purchasei happy product,"['great', 'purchasei', 'happy', 'product']",great purchasei happy product,great purchasei happy product
"The battry life is excelent, but the chargin cable is too short.","the battry life is excelent, but the chargin cable is too short.","the battry life is excelent, but the chargin cable is too short.","the battry life is excelent, but the chargin cable is too short.","the battry life is excelent, but the chargin cable is too short.","the battry life is excelent, but the chargin cable is too short.","the battry life is excelent, but the chargin cable is too short.","the battery life is excellent, but the charging cable is too short.",the battery life is excellent but the charging cable is too short,the battery life is excellent but the charging cable is too short,the battery life is excellent but the charging cable is too short,the battery life is excellent but the charging cable is too short,battery life excellent charging cable short,"['battery', 'life', 'excellent', 'charging', 'cable', 'short']",battery life excellent chargin cable short,battery life excellent chargin cable short
I can't believe it's so good! Didn't expect such quality.,i can't believe it's so good! didn't expect such quality.,i can't believe it's so good! didn't expect such quality.,i can't believe it's so good! didn't expect such quality.,i can't believe it's so good! didn't expect such quality.,i can't believe it's so good! didn't expect such quality.,i cannot believe it is so good! did not expect such quality.,i cannot believe it is so good! did not expect such quality.,i cannot believe it is so good did not expect such quality,i cannot believe it is so good did not expect such quality,i cannot believe it is so good did not expect such quality,i cannot believe it is so good did not expect such quality,cannot believe good expect quality,"['cannot', 'believe', 'good', 'expect', 'quality']",cannot believe good expect quality,cannot believe good expect quality
"Love this product! ???? Fast delivery ??, amazing quality! ??","love this product! ???? fast delivery ??, amazing quality! ??","love this product! ???? fast delivery ??, amazing quality! ??","love this product! ???? fast delivery ??, amazing quality! ??","love this product! ???? fast delivery ??, amazing quality! ??","love this product! ???? fast delivery ??, amazing quality! ??","love this product! ???? fast delivery ??, amazing quality! ??","love this product! ???? fast delivery ??, amazing quality! ??",love this product fast delivery amazing quality,love this product fast delivery amazing quality,love this product fast delivery amazing quality,love this product fast delivery amazing quality,love product fast delivery amazing quality,"['love', 'product', 'fast', 'delivery', 'amazing', 'quality']",love product fast delivery amaz quality,love product fast delivery amazing quality
"TBH, I wasn't expecting much, but OMG, this is awesome!!","tbh, i wasn't expecting much, but omg, this is awesome!!","tbh, i wasn't expecting much, but omg, this is awesome!!","tbh, i wasn't expecting much, but omg, this is awesome!!","tbh, i wasn't expecting much, but omg, this is awesome!!","to be honest, i wasn't expecting much, but oh my god, this is awesome!!","to be honest, i was not expecting much, but oh my god, this is awesome!!","to be honest, i was not expecting much, but oh my god, this is awesome!!",to be honest i was not expecting much but oh my god this is awesome,to be honest i was not expecting much but oh my god this is awesome,to be honest i was not expecting much but oh my god this is awesome,to be honest i was not expecting much but oh my god this is awesome,honest expecting much god awesome,"['honest', 'expecting', 'much', 'god', 'awesome']",honest expect much god awesome,honest expect much god awesome
This is the best product I have ever used in my life!,this is the best product i have ever used in my life!,this is the best product i have ever used in my life!,this is the best product i have ever used in my life!,this is the best product i have ever used in my life!,this is the best product i have ever used in my life!,this is the best product i have ever used in my life!,this is the best product i have ever used in my life!,this is the best product i have ever used in my life,this is the best product i have ever used in my life,this is the best product i have ever used in my life,this is the best product i have ever used in my life,best product ever used life,"['best', 'product', 'ever', 'used', 'life']",best product ever us life,best product ever used life
"The shoes were comfortable, fitting nicely, and worked perfectly for jogging.","the shoes were comfortable, fitting nicely, and worked perfectly for jogging.","the shoes were comfortable, fitting nicely, and worked perfectly for jogging.","the shoes were comfortable, fitting nicely, and worked perfectly for jogging.","the shoes were comfortable, fitting nicely, and worked perfectly for jogging.","the shoes were comfortable, fitting nicely, and worked perfectly for jogging.","the shoes were comfortable, fitting nicely, and worked perfectly for jogging.","the shoes were comfortable, fitting nicely, and worked perfectly for jogging.",the shoes were comfortable fitting nicely and worked perfectly for jogging,the shoes were comfortable fitting nicely and worked perfectly for jogging,the shoes were comfortable fitting nicely and worked perfectly for jogging,the shoes were comfortable fitting nicely and worked perfectly for jogging,shoes comfortable fitting nicely worked perfectly jogging,"['shoes', 'comfortable', 'fitting', 'nicely', 'worked', 'perfectly', 'jogging']",sho comfortable fitt nice work perfect jogg,shoes comfortable fitting nicely worked perfectly jogging
